-- --------------------------------------------------------
-- Host:                         127.0.0.1
-- Server version:               10.1.9-MariaDB - mariadb.org binary distribution
-- Server OS:                    Win32
-- HeidiSQL Version:             9.4.0.5125
-- --------------------------------------------------------

/*!40101 SET @OLD_CHARACTER_SET_CLIENT=@@CHARACTER_SET_CLIENT */;
/*!40101 SET NAMES utf8 */;
/*!50503 SET NAMES utf8mb4 */;
/*!40014 SET @OLD_FOREIGN_KEY_CHECKS=@@FOREIGN_KEY_CHECKS, FOREIGN_KEY_CHECKS=0 */;
/*!40101 SET @OLD_SQL_MODE=@@SQL_MODE, SQL_MODE='NO_AUTO_VALUE_ON_ZERO' */;

-- Dumping structure for table adaproyek.tm_category
CREATE TABLE IF NOT EXISTS `tm_category` (
  `CATEGORY_ID` int(11) NOT NULL AUTO_INCREMENT,
  `CATEGORY_CODE` varchar(20) DEFAULT NULL,
  `CATEGORY_NAME` varchar(512) DEFAULT NULL,
  PRIMARY KEY (`CATEGORY_ID`)
) ENGINE=InnoDB AUTO_INCREMENT=62 DEFAULT CHARSET=latin1;

-- Dumping data for table adaproyek.tm_category: ~61 rows (approximately)
/*!40000 ALTER TABLE `tm_category` DISABLE KEYS */;
INSERT INTO `tm_category` (`CATEGORY_ID`, `CATEGORY_CODE`, `CATEGORY_NAME`) VALUES
	(1, '41011', 'Konstruksi Gedung Tempat Tinggal'),
	(2, '41012', 'Konstruksi Gedung Perkantoran'),
	(3, '41013', 'Konstruksi Gedung Industri'),
	(4, '41014', 'Konstruksi Gedung Perbelanjaan'),
	(5, '41015', 'Konstruksi Gedung Kesehatan'),
	(6, '41016', 'Konstruksi Gedung Pendidikan'),
	(7, '41017', 'Konstruksi Gedung Penginapan'),
	(8, '41018', 'Konstruksi Gedung Tempat Hiburan'),
	(9, '41019', 'Konstruksi Gedung Lainnya'),
	(10, '41020', 'Pemasangan Bangunan Konstruksi Prafabrikasi Untuk Konstruksi Gedung'),
	(11, '42111', 'Konstruksi Jalan Raya'),
	(12, '42112', 'Konstruksi Jembatan dan Jalan Layang'),
	(13, '42113', 'Konstruksi Landasan Pacu Pesawat Terbang'),
	(14, '42114', 'Konstruksi Jalan Kereta Api dan Jembatan Kereta Api'),
	(15, '42115', 'Konstruksi Terowongan'),
	(16, '42120', 'Pemasangan Bangunan Konstruksi Prafabrikasi Untuk Konstruksi Jalan dan Rel Kereta Api'),
	(17, '42211', 'Konstruksi Jaringan Irigasi'),
	(18, '42212', 'Konstruksi Bangunan Pengolahan, Penyaluran dan Penampungan Air Minum, Air Limbah dan Drainase'),
	(19, '42213', 'Konstruksi Bangunan Elektrikal'),
	(20, '42214', 'Konstruksi Telekomunikasi Sarana Bantu Navigasi Laut dan Rambu Sungai'),
	(21, '42215', 'Konstruksi Telekomunikasi Navigasi Udara'),
	(22, '42216', 'Konstruksi Sinyal dan Telekomunikasi Kereta Api'),
	(23, '42217', 'Konstruksi Sentral Telekomunikasi'),
	(24, '42218', 'Pembuatan/Pengeboran Sumur Air Tanah'),
	(25, '42219', 'Konstruksi Jaringan Saluran Elektrikal dan Telekomunikasi Lainnya'),
	(26, '42220', 'Pemasangan Bangunan Konstruksi Prafabrikasi Untuk Konstruksi Jaringan Saluran Irigasi, Komunikasi dan Limbah'),
	(27, '42911', 'Konstruksi Bangunan Prasarana Sumber Daya Air'),
	(28, '42912', 'Konstruksi Bangunan Pelabuhan Bukan Perikanan'),
	(29, '42913', 'Konstruksi Bangunan Pelabunan Perikanan'),
	(30, '42914', 'Konstruksi Bangunan Pengolahan dan Penaampungan Barang Minyak dan Gas'),
	(31, '42915', 'Pengerukan'),
	(32, '42919', 'Konstruksi Bangunan Sipil Lainnya YTDL'),
	(33, '42920', 'Pemasangan bangunan Konstruksi Prafabrikasi Untuk Konstruksi Vangunan Sipil Lainnnya'),
	(34, '43110', 'Pembongkaran Lahan'),
	(35, '43120', 'Penyiapan Lahan'),
	(36, '43211', 'Instalasi Kelistrikan'),
	(37, '43212', 'Instalasi Telekomunikasi'),
	(38, '43213', 'Instalasi Navigasi Laut dan Sungai'),
	(39, '43214', 'Instalasi Navigasi Udara'),
	(40, '43215', 'Instalasi Sinyal dan Telekomunikasi Kereta Api'),
	(41, '43216', 'Instalasi Sinyal dan Rambu-Rambu Jalan Raya'),
	(42, '43217', 'Instalasi Elektronika'),
	(43, '43221', 'Instalasi Air(Pipa)'),
	(44, '43222', 'Instalasi Pemanas dan Geotermal'),
	(45, '43223', 'Instalasi Minyak dan Gas'),
	(46, '43224', 'Instalasi Pendingin dan Ventilasi Udara'),
	(47, '43291', 'Instalasi Mekanikal'),
	(48, '43292', 'Instalasi Meterologi, Klimatologi dan Geofisika'),
	(49, '43299', 'Instalasi Konstruksi Lainnya YTDL'),
	(50, '43301', 'Pengerjaan Pemasangan Kaca dan Alumunium'),
	(51, '43302', 'Pengerjaan Lantai, Dinding, Peralatan Saniter dan Plafon'),
	(52, '43303', 'Pengecatan'),
	(53, '43304', 'Dekorasi Interior'),
	(54, '43305', 'Dekorasi Eksterior'),
	(55, '43309', 'Penyelesaian Konstruksi Bangunan Lainnya'),
	(56, '43901', 'Pemasangan Pondasi dan Pilar'),
	(57, '43902', 'Pemasangan Perancah (Steiger)'),
	(58, '43903', 'Pemasangan Atap/Roof Covering'),
	(59, '43904', 'Pemasangan Kerangka Baja'),
	(60, '43905', 'Penyewaan Alat Konstruksi dengan Operator'),
	(61, '43909', 'Konstruksi Khusus Lainnya YTDL');
/*!40000 ALTER TABLE `tm_category` ENABLE KEYS */;

-- Dumping structure for table adaproyek.tm_company
CREATE TABLE IF NOT EXISTS `tm_company` (
  `COMP_ID` int(11) NOT NULL,
  `COMP_USER_ID` int(11) NOT NULL,
  `COMP_IDNUMBER` varchar(20) NOT NULL,
  `COMP_NAME` varchar(100) NOT NULL,
  `COMP_ADDRESS` varchar(255) NOT NULL,
  `COMP_REGIONAL` varchar(4) NOT NULL,
  `COMP_COUNTRY` varchar(2) NOT NULL,
  `COMP_TELP` varchar(20) DEFAULT NULL,
  `COMP_FAX` varchar(20) DEFAULT NULL,
  `COMP_HEADERPIC` varchar(255) DEFAULT NULL,
  `COMP_CREDIT_AMOUNT` double DEFAULT NULL,
  `COMP_STATUS` tinyint(4) NOT NULL,
  PRIMARY KEY (`COMP_ID`)
) ENGINE=InnoDB DEFAULT CHARSET=latin1;

-- Dumping data for table adaproyek.tm_company: ~5 rows (approximately)
/*!40000 ALTER TABLE `tm_company` DISABLE KEYS */;
INSERT INTO `tm_company` (`COMP_ID`, `COMP_USER_ID`, `COMP_IDNUMBER`, `COMP_NAME`, `COMP_ADDRESS`, `COMP_REGIONAL`, `COMP_COUNTRY`, `COMP_TELP`, `COMP_FAX`, `COMP_HEADERPIC`, `COMP_CREDIT_AMOUNT`, `COMP_STATUS`) VALUES
	(1, 2, '12343', 'PT. JATIS', 'Pencenongan', 'Jaka', 'In', '234324', '3423', '1', NULL, 1),
	(2, 8, '123432432', 'PT. EDII', 'Wisma SMR', 'Jaka', 'In', '021498545', '23423432', 'edii.png', NULL, 0),
	(3, 2, '1232423', 'Igomad', 'Dr. Saharjo', 'Jaka', 'in', '01238312', '231312', 'Lock-on-Keyboard.jpg', 0, 0),
	(4, 8, '1984324', 'PT. NET TV', 'Jalan Kebun Bawang', '1100', 'ID', '02183223432', '433424', 'NET TV.jpg', 0, 0),
	(5, 8, '34324234', 'PT. 123', 'test', '1115', 'AU', '5435345', '534534', 'no_images.png', 0, 0);
/*!40000 ALTER TABLE `tm_company` ENABLE KEYS */;

-- Dumping structure for table adaproyek.tm_company_doc
CREATE TABLE IF NOT EXISTS `tm_company_doc` (
  `DOC_ID` int(11) NOT NULL,
  `DOC_COMP_ID` int(11) NOT NULL,
  `DOC_NAME` varchar(255) NOT NULL,
  `DOC_PATH` varchar(255) NOT NULL,
  `DOC_STATUS` varchar(4) NOT NULL,
  PRIMARY KEY (`DOC_ID`)
) ENGINE=InnoDB DEFAULT CHARSET=latin1;

-- Dumping data for table adaproyek.tm_company_doc: ~0 rows (approximately)
/*!40000 ALTER TABLE `tm_company_doc` DISABLE KEYS */;
/*!40000 ALTER TABLE `tm_company_doc` ENABLE KEYS */;

-- Dumping structure for table adaproyek.tm_country
CREATE TABLE IF NOT EXISTS `tm_country` (
  `COUNTRY_ID` varchar(2) NOT NULL,
  `COUNTRY_NAME` varchar(255) DEFAULT NULL,
  PRIMARY KEY (`COUNTRY_ID`)
) ENGINE=InnoDB DEFAULT CHARSET=latin1;

-- Dumping data for table adaproyek.tm_country: ~241 rows (approximately)
/*!40000 ALTER TABLE `tm_country` DISABLE KEYS */;
INSERT INTO `tm_country` (`COUNTRY_ID`, `COUNTRY_NAME`) VALUES
	('AD', 'Andorra'),
	('AE', 'United Arab Emirates'),
	('AF', 'Afghanistan'),
	('AG', 'Antigua And Barbuda'),
	('AI', 'Anguilla'),
	('AL', 'Albania'),
	('AM', 'Armenia'),
	('AN', 'Netherlands Antilles'),
	('AO', 'Angola'),
	('AQ', 'Antarctica'),
	('AR', 'Argentina'),
	('AS', 'American Samoa'),
	('AT', 'Austria'),
	('AU', 'Australia'),
	('AW', 'Aruba'),
	('AZ', 'Azerbaijan'),
	('BA', 'Bosnia And Herzegovina'),
	('BB', 'Barbados'),
	('BD', 'Bangladesh'),
	('BE', 'Belgium'),
	('BF', 'Burkina Faso'),
	('BG', 'Bulgaria'),
	('BH', 'Bahrain'),
	('BI', 'Burundi'),
	('BJ', 'Benin'),
	('BM', 'Bermuda'),
	('BN', 'Brunei Darussalam'),
	('BO', 'Bolivia'),
	('BR', 'Brazil'),
	('BS', 'Bahamas'),
	('BT', 'Bhutan'),
	('BV', 'Bouvet Island'),
	('BW', 'Botswana'),
	('BY', 'Belarus'),
	('BZ', 'Belize'),
	('CA', 'Canada'),
	('CC', 'Cocos (keeling) Islands'),
	('CD', 'Congo'),
	('CF', 'Central African Republic'),
	('CG', 'Congo'),
	('CH', 'Switzerland'),
	('CI', 'Cote Divoire'),
	('CK', 'Cook Islands'),
	('CL', 'Chile'),
	('CM', 'Cameroon'),
	('CN', 'China'),
	('CO', 'Colombia'),
	('CR', 'Costa Rica'),
	('CU', 'Cuba'),
	('CV', 'Cape Verde'),
	('CX', 'Christmas Island'),
	('CY', 'Cyprus'),
	('CZ', 'Czech Republic'),
	('DE', 'Germany'),
	('DJ', 'Djibouti'),
	('DK', 'Denmark'),
	('DM', 'Dominica'),
	('DO', 'Dominican Republic'),
	('DZ', 'Algeria'),
	('EC', 'Ecuador'),
	('EE', 'Estonia'),
	('EG', 'Egypt'),
	('EH', 'Western Sahara'),
	('ER', 'Eritrea'),
	('ES', 'Spain'),
	('ET', 'Ethiopia'),
	('FI', 'Finland'),
	('FJ', 'Fiji'),
	('FK', 'Falkland Islands (malvinas)'),
	('FM', 'Micronesia'),
	('FO', 'Faroe Islands'),
	('FR', 'France'),
	('GA', 'Gabon'),
	('GB', 'United Kingdom'),
	('GD', 'Grenada'),
	('GE', 'Georgia'),
	('GF', 'French Guiana'),
	('GH', 'Ghana'),
	('GI', 'Gibraltar'),
	('GL', 'Greenland'),
	('GM', 'Gambia'),
	('GN', 'Guinea'),
	('GP', 'Guadeloupe'),
	('GQ', 'Equatorial Guinea'),
	('GR', 'Greece'),
	('GS', 'South Georgia And The South Sandwich Isl'),
	('GT', 'Guatemala'),
	('GU', 'Guam'),
	('GW', 'Guinea-bissau'),
	('GY', 'Guyana'),
	('HK', 'Hong Kong'),
	('HM', 'Heard Island And Mcdonald Islands'),
	('HN', 'Honduras'),
	('HR', 'Croatia'),
	('HT', 'Haiti'),
	('HU', 'Hungary'),
	('ID', 'Indonesia'),
	('IE', 'Ireland'),
	('IL', 'Israel'),
	('IN', 'India'),
	('IO', 'British Indian Ocean Territory'),
	('IQ', 'Iraq'),
	('IR', 'Iran'),
	('IS', 'Iceland'),
	('IT', 'Italy'),
	('JM', 'Jamaica'),
	('JO', 'Jordan'),
	('JP', 'Japan'),
	('KE', 'Kenya'),
	('KG', 'Kyrgyzstan'),
	('KH', 'Cambodia'),
	('KI', 'Kiribati'),
	('KM', 'Comoros'),
	('KN', 'Saint Kitts And Nevis'),
	('KP', 'Korea'),
	('KR', 'Korea'),
	('KW', 'Kuwait'),
	('KY', 'Cayman Islands'),
	('KZ', 'Kazakstan'),
	('LA', 'Lao People\'s Democratic Republic'),
	('LB', 'Lebanon'),
	('LC', 'Saint Lucia'),
	('LI', 'Liechtenstein'),
	('LK', 'Sri Lanka'),
	('LR', 'Liberia'),
	('LS', 'Lesotho'),
	('LT', 'Lithuania'),
	('LU', 'Luxembourg'),
	('LV', 'Latvia'),
	('LY', 'Libyan Arab Jamahiriya'),
	('MA', 'Morocco'),
	('MC', 'Monaco'),
	('MD', 'Moldova'),
	('MG', 'Madagascar'),
	('MH', 'Marshall Islands'),
	('MK', 'Macedonia'),
	('ML', 'Mali'),
	('MM', 'Myanmar'),
	('MN', 'Mongolia'),
	('MO', 'Macau'),
	('MP', 'Northern Mariana Islands'),
	('MQ', 'Martinique'),
	('MR', 'Mauritania'),
	('MS', 'Montserrat'),
	('MT', 'Malta'),
	('MU', 'Mauritius'),
	('MV', 'Maldives'),
	('MW', 'Malawi'),
	('MX', 'Mexico'),
	('MY', 'Malaysia'),
	('MZ', 'Mozambique'),
	('NA', 'Namibia'),
	('NC', 'New Caledonia'),
	('NE', 'Niger'),
	('NF', 'Norfolk Island'),
	('NG', 'Nigeria'),
	('NI', 'Nicaragua'),
	('NL', 'Netherlands'),
	('NO', 'Norway'),
	('NP', 'Nepal'),
	('NR', 'Nauru'),
	('NU', 'Niue'),
	('NZ', 'New Zealand'),
	('OM', 'Oman'),
	('PA', 'Panama'),
	('PE', 'Peru'),
	('PF', 'French Polynesia'),
	('PG', 'Papua New Guinea'),
	('PH', 'Philippines'),
	('PK', 'Pakistan'),
	('PL', 'Poland'),
	('PM', 'Saint Pierre And Miquelon'),
	('PN', 'Pitcairn'),
	('PR', 'Puerto Rico'),
	('PS', 'Palestinian Territory'),
	('PT', 'Portugal'),
	('PW', 'Palau'),
	('PY', 'Paraguay'),
	('QA', 'Qatar'),
	('RE', 'Reunion'),
	('RO', 'Romania'),
	('RS', 'Serbia'),
	('RU', 'Russian Federation'),
	('RW', 'Rwanda'),
	('SA', 'Saudi Arabia'),
	('SB', 'Solomon Islands'),
	('SC', 'Seychelles'),
	('SD', 'Sudan'),
	('SE', 'Sweden'),
	('SG', 'Singapore'),
	('SH', 'Saint Helena'),
	('SI', 'Slovenia'),
	('SJ', 'Svalbard And Jan Mayen'),
	('SK', 'Slovakia'),
	('SL', 'Sierra Leone'),
	('SM', 'San Marino'),
	('SN', 'Senegal'),
	('SO', 'Somalia'),
	('SR', 'Suriname'),
	('ST', 'Sao Tome And Principe'),
	('SV', 'El Salvador'),
	('SY', 'Syrian Arab Republic'),
	('SZ', 'Swaziland'),
	('TC', 'Turks And Caicos Islands'),
	('TD', 'Chad'),
	('TF', 'French Southern Territories'),
	('TG', 'Togo'),
	('TH', 'Thailand'),
	('TJ', 'Tajikistan'),
	('TK', 'Tokelau'),
	('TM', 'Turkmenistan'),
	('TN', 'Tunisia'),
	('TO', 'Tonga'),
	('TP', 'East Timor'),
	('TR', 'Turkey'),
	('TT', 'Trinidad And Tobago'),
	('TV', 'Tuvalu'),
	('TW', 'Taiwan'),
	('TZ', 'Tanzania'),
	('UA', 'Ukraine'),
	('UG', 'Uganda'),
	('UM', 'United States Minor Outlying Islands'),
	('US', 'United States'),
	('UY', 'Uruguay'),
	('UZ', 'Uzbekistan'),
	('VA', 'Holy See (vatican City State)'),
	('VC', 'Saint Vincent And The Grenadines'),
	('VE', 'Venezuela'),
	('VG', 'Virgin Islands'),
	('VI', 'Virgin Islands'),
	('VN', 'Viet Nam'),
	('VU', 'Vanuatu'),
	('WF', 'Wallis And Futuna'),
	('WS', 'Samoa'),
	('xx', 'test'),
	('YE', 'Yemen'),
	('YT', 'Mayotte'),
	('YU', 'Yugoslavia'),
	('ZA', 'South Africa'),
	('ZM', 'Zambia'),
	('ZW', 'Zimbabwe');
/*!40000 ALTER TABLE `tm_country` ENABLE KEYS */;

-- Dumping structure for table adaproyek.tm_reff
CREATE TABLE IF NOT EXISTS `tm_reff` (
  `REFF_CODE` char(4) COLLATE utf8_unicode_ci NOT NULL,
  `REFF_GROUP` char(50) COLLATE utf8_unicode_ci NOT NULL,
  `REFF_DESC` varchar(255) COLLATE utf8_unicode_ci NOT NULL
) ENGINE=MyISAM DEFAULT CHARSET=utf8 COLLATE=utf8_unicode_ci;

-- Dumping data for table adaproyek.tm_reff: 10 rows
/*!40000 ALTER TABLE `tm_reff` DISABLE KEYS */;
INSERT INTO `tm_reff` (`REFF_CODE`, `REFF_GROUP`, `REFF_DESC`) VALUES
	('', '', ''),
	('C002', 'PROJECT_STATUS', 'Renovasi'),
	('PS01', 'PROJECT_STATUS', 'Draft'),
	('PS02', 'PROJECT_STATUS', 'Publish'),
	('PS03', 'PROJECT_STATUS', 'Work'),
	('US02', 'USER_STATUS', 'Active'),
	('PS04', 'PROJECT_STATUS', 'Done'),
	('US03', 'USER_STATUS', 'Inactive'),
	('US01', 'USER_STATUS', 'Registered'),
	('US04', 'USER_STATUS', 'Blocked');
/*!40000 ALTER TABLE `tm_reff` ENABLE KEYS */;

-- Dumping structure for table adaproyek.tm_regional
CREATE TABLE IF NOT EXISTS `tm_regional` (
  `REGIONAL_ID` varchar(4) CHARACTER SET latin1 NOT NULL,
  `REGIONAL_NAME` varchar(50) CHARACTER SET latin1 NOT NULL,
  `REGIONAL_STATUS` varchar(1) COLLATE latin1_general_ci DEFAULT NULL,
  PRIMARY KEY (`REGIONAL_ID`),
  KEY `CITY_NAME` (`REGIONAL_NAME`),
  KEY `CITY_STATUS` (`REGIONAL_STATUS`)
) ENGINE=InnoDB DEFAULT CHARSET=latin1 COLLATE=latin1_general_ci;

-- Dumping data for table adaproyek.tm_regional: ~543 rows (approximately)
/*!40000 ALTER TABLE `tm_regional` DISABLE KEYS */;
INSERT INTO `tm_regional` (`REGIONAL_ID`, `REGIONAL_NAME`, `REGIONAL_STATUS`) VALUES
	('1100', 'Prov. Nangroe Aceh Darussalam', '1'),
	('1101', 'Kab. Simeulue', '1'),
	('1102', 'Kab. Aceh Singkil', '1'),
	('1103', 'Kab. Aceh Selatan', '1'),
	('1104', 'Kab. Aceh Tenggara', '1'),
	('1105', 'Kab. Aceh Timur', '1'),
	('1106', 'Kab. Aceh Tengah', '1'),
	('1107', 'Kab. Aceh Barat', '1'),
	('1108', 'Kab. Aceh Besar', '1'),
	('1109', 'Kab. Pidie', '1'),
	('1110', 'Kab. Bireuen', '1'),
	('1111', 'Kab. Aceh Utara', '1'),
	('1112', 'Kab. Aceh Barat Daya', '1'),
	('1113', 'Kab. Gayo Lues', '1'),
	('1114', 'Kab. Aceh Tamiang', '1'),
	('1115', 'Kab. Nagan Raya', '1'),
	('1116', 'Kab. Aceh Jaya', '1'),
	('1117', 'Kab. Bener Meriah', '1'),
	('1171', 'Kota Banda Aceh', '1'),
	('1172', 'Kota Sabang', '1'),
	('1173', 'Kota Langsa', '1'),
	('1174', 'Kota Lhokseumawe', '1'),
	('1175', 'Kab. Pidie Jaya', '1'),
	('1176', 'Kota Subulussalam', '1'),
	('1200', 'Prov. Sumatera Utara', '1'),
	('1201', 'Kab. Nias ', '1'),
	('1202', 'Kab. Mandailing Natal', '1'),
	('1203', 'Kab. Tapanuli Selatan', '1'),
	('1204', 'Kab. Tapanuli Tengah', '1'),
	('1205', 'Kab. Tapanuli Utara', '1'),
	('1206', 'Kab. Toba Samosir', '1'),
	('1207', 'Kab. Labuhan Batu', '1'),
	('1208', 'Kab. Asahan ', '1'),
	('1209', 'Kab. Simalungun ', '1'),
	('1210', 'Kab. Dairi ', '1'),
	('1211', 'Kab. Karo ', '1'),
	('1212', 'Kab. Deli Serdang', '1'),
	('1213', 'Kab. Langkat ', '1'),
	('1214', 'Kab. Nias Selatan', '1'),
	('1215', 'Kab. Humbang Hasundutan', '1'),
	('1216', 'Kab. Pakpak Bharat', '1'),
	('1217', 'Kab. Samosir ', '1'),
	('1218', 'Kab. Serdang Bedagai', '1'),
	('1271', 'Kota Sibolga ', '1'),
	('1272', 'Kota Tanjung Balai', '1'),
	('1273', 'Kota Pematang Siantar', '1'),
	('1274', 'Kota Tebing Tinggi', '1'),
	('1275', 'Kota Medan ', '1'),
	('1276', 'Kota Binjai ', '1'),
	('1277', 'Kota Padang Sidempuan', '1'),
	('1278', 'Kab. Batubara', '1'),
	('1279', 'Kab. Labuhanbatu Selatan', '1'),
	('1280', 'Kab. Labuhanbatu Utara', '1'),
	('1281', 'Kab. Nias Barat', '1'),
	('1282', 'Kab. Nias Utara', '1'),
	('1283', 'Kab. Padang Lawas', '1'),
	('1284', 'Kab. Padang Lawas Utara', '1'),
	('1285', 'Kota Gunungsitoli', '1'),
	('1300', 'Prov. Sumatera Barat ', '1'),
	('1301', 'Kab. Kepulauan Mentawai', '1'),
	('1302', 'Kab. Pesisir Selatan', '1'),
	('1303', 'Kab. Solok ', '1'),
	('1304', 'Kab. Sijunjung ', '1'),
	('1305', 'Kab. Tanah Datar', '1'),
	('1306', 'Kab. Padang Pariaman', '1'),
	('1307', 'Kab. Agam ', '1'),
	('1308', 'Kab. Lima Puluh Kota', '1'),
	('1309', 'Kab. Pasaman ', '1'),
	('1310', 'Kab. Solok Selatan', '1'),
	('1311', 'Kab. Dharmas Raya', '1'),
	('1312', 'Kab. Pasaman Barat', '1'),
	('1371', 'Kota Padang ', '1'),
	('1372', 'Kota Solok ', '1'),
	('1373', 'Kota Sawah Lunto', '1'),
	('1374', 'Kota Padang Panjang', '1'),
	('1375', 'Kota Bukittinggi ', '1'),
	('1376', 'Kota Payakumbuh ', '1'),
	('1377', 'Kota Pariaman ', '1'),
	('1400', 'Prov. Riau  ', '1'),
	('1401', 'Kab. Kuantan Singingi', '1'),
	('1402', 'Kab. Indragiri Hulu', '1'),
	('1403', 'Kab. Indragiri Hilir', '1'),
	('1404', 'Kab. Pelalawan ', '1'),
	('1405', 'Kab. Siak ', '1'),
	('1406', 'Kab. Kampar ', '1'),
	('1407', 'Kab. Rokan Hulu', '1'),
	('1408', 'Kab. Bengkalis ', '1'),
	('1409', 'Kab. Rokan Hilir', '1'),
	('1471', 'Kota Pekan Baru', '1'),
	('1473', 'Kota Dumai ', '1'),
	('1474', 'Kab. Kepulauan Meranti', '1'),
	('1500', 'Prov. Jambi', '1'),
	('1501', 'Kab. Kerinci ', '1'),
	('1502', 'Kab. Merangin ', '1'),
	('1503', 'Kab. Sarolangun ', '1'),
	('1504', 'Kab. Batang Hari', '1'),
	('1505', 'Kab. Muaro Jambi', '1'),
	('1506', 'Kab. Tanjung Jabung Timur', '1'),
	('1507', 'Kab. Tanjung Jabung Barat', '1'),
	('1508', 'Kab. Tebo ', '1'),
	('1509', 'Kab. Bungo ', '1'),
	('1571', 'Kota Jambi ', '1'),
	('1572', 'Kota Sungai Penuh', '1'),
	('1600', 'Prov. Sumatera Selatan', '1'),
	('1601', 'Kab. Ogan Komering Ulu', '1'),
	('1602', 'Kab. Ogan Komering Ilir', '1'),
	('1603', 'Kab. Muara Enim', '1'),
	('1604', 'Kab. Lahat ', '1'),
	('1605', 'Kab. Musi Rawas', '1'),
	('1606', 'Kab. Musi Banyuasin', '1'),
	('1607', 'Kab. Banyuasin ', '1'),
	('1608', 'Kab. Ogan Komering Ulu Selatan', '1'),
	('1609', 'Kab. Ogan Komering Ulu Timur', '1'),
	('1610', 'Kab. Ogan Ilir', '1'),
	('1671', 'Kota Palembang ', '1'),
	('1672', 'Kota Prabumulih ', '1'),
	('1673', 'Kota Pagar Alam', '1'),
	('1674', 'Kota Lubuk Linggau', '1'),
	('1675', 'Kab. Empat Lawang', '1'),
	('1676', 'Kab. Penukal Abab Lematang Ilir', '1'),
	('1700', 'Prov. Bengkulu', '1'),
	('1701', 'Kab. Bengkulu Selatan', '1'),
	('1702', 'Kab. Rejang Lebong', '1'),
	('1703', 'Kab. Bengkulu Utara', '1'),
	('1704', 'Kab. Kaur ', '1'),
	('1705', 'Kab. Seluma ', '1'),
	('1706', 'Kab. Mukomuko ', '1'),
	('1707', 'Kab. Lebong ', '1'),
	('1708', 'Kab. Kepahiang ', '1'),
	('1771', 'Kota Bengkulu ', '1'),
	('1772', 'Kab. Bengkulu Tengah', '1'),
	('1800', 'Prov. Lampung ', '1'),
	('1801', 'Kab. Lampung Barat', '1'),
	('1802', 'Kab. Tanggamus ', '1'),
	('1803', 'Kab. Lampung Selatan', '1'),
	('1804', 'Kab. Lampung Timur', '1'),
	('1805', 'Kab. Lampung Tengah', '1'),
	('1806', 'Kab. Lampung Utara', '1'),
	('1807', 'Kab. Way Kanan', '1'),
	('1808', 'Kab. Tulang Bawang', '1'),
	('1871', 'Kota Bandar Lampung', '1'),
	('1872', 'Kota Metro ', '1'),
	('1873', 'Kab. Mesuji', '1'),
	('1874', 'Kab. Pesawaran', '1'),
	('1875', 'Kab. Pesisir Barat', '1'),
	('1876', 'Kab. Pringsewu', '1'),
	('1877', 'Kab. Tulang Bawang Barat', '1'),
	('1900', 'Prov. Kep. Bangka Belitung', '1'),
	('1901', 'Kab. Bangka ', '1'),
	('1902', 'Kab. Belitung ', '1'),
	('1903', 'Kab. Bangka Barat', '1'),
	('1904', 'Kab. Bangka Tengah', '1'),
	('1905', 'Kab. Bangka Selatan', '1'),
	('1906', 'Kab. Belitung Timur', '1'),
	('1971', 'Kota Pangkal Pinang', '1'),
	('2000', 'Prov. Kepulauan Riau', '1'),
	('2001', 'Kab. Karimun ', '1'),
	('2002', 'Kab. Kepulauan Anambas', '1'),
	('2003', 'Kab. Natuna ', '1'),
	('2004', 'Kab. Lingga ', '1'),
	('2071', 'Kota Batam ', '1'),
	('2072', 'Kota Tanjung Pinang', '1'),
	('2073', 'Kab. Bintan', '1'),
	('3100', 'Prov. D K I Jakarta', '1'),
	('3101', 'Kab. Adm. Kepulauan Seribu', '1'),
	('3171', 'Kota Jakarta Selatan', '1'),
	('3172', 'Kota Jakarta Timur', '1'),
	('3173', 'Kota Jakarta Pusat', '1'),
	('3174', 'Kota Jakarta Barat', '1'),
	('3175', 'Kota Jakarta Utara', '1'),
	('3200', 'Prov. Jawa Barat ', '1'),
	('3201', 'Kab. Bogor ', '1'),
	('3202', 'Kab. Sukabumi ', '1'),
	('3203', 'Kab. Cianjur ', '1'),
	('3204', 'Kab. Bandung ', '1'),
	('3205', 'Kab. Garut ', '1'),
	('3206', 'Kab. Tasikmalaya ', '1'),
	('3207', 'Kab. Ciamis ', '1'),
	('3208', 'Kab. Kuningan ', '1'),
	('3209', 'Kab. Cirebon ', '1'),
	('3210', 'Kab. Majalengka ', '1'),
	('3211', 'Kab. Sumedang ', '1'),
	('3212', 'Kab. Indramayu ', '1'),
	('3213', 'Kab. Subang ', '1'),
	('3214', 'Kab. Purwakarta ', '1'),
	('3215', 'Kab. Karawang ', '1'),
	('3216', 'Kab. Bekasi ', '1'),
	('3271', 'Kota Bogor ', '1'),
	('3272', 'Kota Sukabumi ', '1'),
	('3273', 'Kota Bandung ', '1'),
	('3274', 'Kota Cirebon ', '1'),
	('3275', 'Kota Bekasi ', '1'),
	('3276', 'Kota Depok ', '1'),
	('3277', 'Kota Cimahi ', '1'),
	('3278', 'Kota Tasikmalaya ', '1'),
	('3279', 'Kota Banjar ', '1'),
	('3280', 'Kab. Bandung Barat', '1'),
	('3281', 'Kab. Pangandaran', '1'),
	('3300', 'Prov. Jawa Tengah ', '1'),
	('3301', 'Kab. Cilacap ', '1'),
	('3302', 'Kab. Banyumas ', '1'),
	('3303', 'Kab. Purbalingga ', '1'),
	('3304', 'Kab. Banjarnegara ', '1'),
	('3305', 'Kab. Kebumen ', '1'),
	('3306', 'Kab. Purworejo ', '1'),
	('3307', 'Kab. Wonosobo ', '1'),
	('3308', 'Kab. Magelang ', '1'),
	('3309', 'Kab. Boyolali ', '1'),
	('3310', 'Kab. Klaten ', '1'),
	('3311', 'Kab. Sukoharjo ', '1'),
	('3312', 'Kab. Wonogiri ', '1'),
	('3313', 'Kab. Karanganyar ', '1'),
	('3314', 'Kab. Sragen ', '1'),
	('3315', 'Kab. Grobogan ', '1'),
	('3316', 'Kab. Blora ', '1'),
	('3317', 'Kab. Rembang ', '1'),
	('3318', 'Kab. Pati ', '1'),
	('3319', 'Kab. Kudus ', '1'),
	('3320', 'Kab. Jepara ', '1'),
	('3321', 'Kab. Demak ', '1'),
	('3322', 'Kab. Semarang ', '1'),
	('3323', 'Kab. Temanggung ', '1'),
	('3324', 'Kab. Kendal ', '1'),
	('3325', 'Kab. Batang ', '1'),
	('3326', 'Kab. Pekalongan ', '1'),
	('3327', 'Kab. Pemalang ', '1'),
	('3328', 'Kab. Tegal ', '1'),
	('3329', 'Kab. Brebes ', '1'),
	('3371', 'Kota Magelang ', '1'),
	('3372', 'Kota Surakarta ', '1'),
	('3373', 'Kota Salatiga ', '1'),
	('3374', 'Kota Semarang ', '1'),
	('3375', 'Kota Pekalongan ', '1'),
	('3376', 'Kota Tegal ', '1'),
	('3400', 'Prov. D I Yogyakarta', '1'),
	('3401', 'Kab. Kulon Progo', '1'),
	('3402', 'Kab. Bantul ', '1'),
	('3403', 'Kab. Gunung Kidul', '1'),
	('3404', 'Kab. Sleman ', '1'),
	('3471', 'Kota Yogyakarta ', '1'),
	('3500', 'Prov. Jawa Timur ', '1'),
	('3501', 'Kab. Pacitan ', '1'),
	('3502', 'Kab. Ponorogo ', '1'),
	('3503', 'Kab. Trenggalek ', '1'),
	('3504', 'Kab. Tulungagung ', '1'),
	('3505', 'Kab. Blitar ', '1'),
	('3506', 'Kab. Kediri ', '1'),
	('3507', 'Kab. Malang ', '1'),
	('3508', 'Kab. Lumajang ', '1'),
	('3509', 'Kab. Jember ', '1'),
	('3510', 'Kab. Banyuwangi ', '1'),
	('3511', 'Kab. Bondowoso ', '1'),
	('3512', 'Kab. Situbondo ', '1'),
	('3513', 'Kab. Probolinggo ', '1'),
	('3514', 'Kab. Pasuruan ', '1'),
	('3515', 'Kab. Sidoarjo ', '1'),
	('3516', 'Kab. Mojokerto ', '1'),
	('3517', 'Kab. Jombang ', '1'),
	('3518', 'Kab. Nganjuk ', '1'),
	('3519', 'Kab. Madiun ', '1'),
	('3520', 'Kab. Magetan ', '1'),
	('3521', 'Kab. Ngawi ', '1'),
	('3522', 'Kab. Bojonegoro ', '1'),
	('3523', 'Kab. Tuban ', '1'),
	('3524', 'Kab. Lamongan ', '1'),
	('3525', 'Kab. Gresik ', '1'),
	('3526', 'Kab. Bangkalan ', '1'),
	('3527', 'Kab. Sampang ', '1'),
	('3528', 'Kab. Pamekasan ', '1'),
	('3529', 'Kab. Sumenep ', '1'),
	('3571', 'Kota Kediri ', '1'),
	('3572', 'Kota Blitar ', '1'),
	('3573', 'Kota Malang ', '1'),
	('3574', 'Kota Probolinggo ', '1'),
	('3575', 'Kota Pasuruan ', '1'),
	('3576', 'Kota Mojokerto ', '1'),
	('3577', 'Kota Madiun ', '1'),
	('3578', 'Kota Surabaya ', '1'),
	('3579', 'Kota Batu ', '1'),
	('3600', 'Prov. Banten ', '1'),
	('3601', 'Kab. Pandeglang ', '1'),
	('3602', 'Kab. Lebak ', '1'),
	('3603', 'Kab. Tangerang ', '1'),
	('3604', 'Kab. Serang ', '1'),
	('3671', 'Kota Tangerang ', '1'),
	('3672', 'Kota Cilegon ', '1'),
	('3673', 'Kota Serang', '1'),
	('3674', 'Kota Tangerang Selatan', '1'),
	('5100', 'Prov. Bali', '1'),
	('5101', 'Kab. Jembrana ', '1'),
	('5102', 'Kab. Tabanan ', '1'),
	('5103', 'Kab. Badung ', '1'),
	('5104', 'Kab. Gianyar ', '1'),
	('5105', 'Kab. Klungkung ', '1'),
	('5106', 'Kab. Bangli ', '1'),
	('5107', 'Kab. Karang Asem', '1'),
	('5108', 'Kab. Buleleng ', '1'),
	('5171', 'Kota Denpasar ', '1'),
	('5200', 'Prov. Nusa Tenggara Barat', '1'),
	('5201', 'Kab. Lombok Barat', '1'),
	('5202', 'Kab. Lombok Tengah', '1'),
	('5203', 'Kab. Lombok Timur', '1'),
	('5204', 'Kab. Sumbawa ', '1'),
	('5205', 'Kab. Dompu ', '1'),
	('5206', 'Kab. Bima ', '1'),
	('5207', 'Kab. Sumbawa Barat', '1'),
	('5271', 'Kota Mataram ', '1'),
	('5272', 'Kota Bima ', '1'),
	('5273', 'Kab. Lombok Utara', '1'),
	('5300', 'Prov. Nusa Tenggara Timur', '1'),
	('5301', 'Kab. Sumba Barat', '1'),
	('5302', 'Kab. Sumba Timur', '1'),
	('5303', 'Kab. Kupang ', '1'),
	('5304', 'Kab. Timor Tengah Selatan', '1'),
	('5305', 'Kab. Timor Tengah Utara', '1'),
	('5306', 'Kab. Belu ', '1'),
	('5307', 'Kab. Alor ', '1'),
	('5308', 'Kab. Lembata ', '1'),
	('5309', 'Kab. Flores Timur', '1'),
	('5310', 'Kab. Sikka ', '1'),
	('5311', 'Kab. Ende ', '1'),
	('5312', 'Kab. Ngada ', '1'),
	('5313', 'Kab. Manggarai ', '1'),
	('5314', 'Kab. Rote Ndao', '1'),
	('5315', 'Kab. Manggarai Barat', '1'),
	('5371', 'Kota Kupang ', '1'),
	('5372', 'Kab. Manggarai Timur', '1'),
	('5373', 'Kab. Nagekeo', '1'),
	('5374', 'Kab. Sabu Raijua', '1'),
	('5375', 'Kab. Sumba Barat Daya', '1'),
	('5376', 'Kab. Sumba Tengah', '1'),
	('5377', 'Kab. Malaka', '1'),
	('6100', 'Prov. Kalimantan Barat ', '1'),
	('6101', 'Kab. Sambas ', '1'),
	('6102', 'Kab. Bengkayang ', '1'),
	('6103', 'Kab. Landak ', '1'),
	('6104', 'Kab. Pontianak ', '1'),
	('6105', 'Kab. Sanggau ', '1'),
	('6106', 'Kab. Ketapang ', '1'),
	('6107', 'Kab. Sintang ', '1'),
	('6108', 'Kab. Kapuas Hulu', '1'),
	('6109', 'Kab. Sekadau ', '1'),
	('6110', 'Kab. Melawi ', '1'),
	('6171', 'Kota Pontianak ', '1'),
	('6172', 'Kota Singkawang ', '1'),
	('6173', 'Kab. Kayong Utara', '1'),
	('6174', 'Kab. Kubu Raya', '1'),
	('6200', 'Prov. Kalimantan Tengah', '1'),
	('6201', 'Kab. Kotawaringin Barat', '1'),
	('6202', 'Kab. Kotawaringin Timur', '1'),
	('6203', 'Kab. Kapuas ', '1'),
	('6204', 'Kab. Barito Selatan', '1'),
	('6205', 'Kab. Barito Utara', '1'),
	('6206', 'Kab. Sukamara ', '1'),
	('6207', 'Kab. Lamandau ', '1'),
	('6208', 'Kab. Seruyan ', '1'),
	('6209', 'Kab. Katingan ', '1'),
	('6210', 'Kab. Pulang Pisau', '1'),
	('6211', 'Kab. Gunung Mas', '1'),
	('6212', 'Kab. Barito Timur', '1'),
	('6213', 'Kab. Murung Raya', '1'),
	('6271', 'Kota Palangka Raya', '1'),
	('6300', 'Prov. Kalimantan Selatan ', '1'),
	('6301', 'Kab. Tanah Laut', '1'),
	('6302', 'Kab. Kota Baru', '1'),
	('6303', 'Kab. Banjar ', '1'),
	('6304', 'Kab. Barito Kuala', '1'),
	('6305', 'Kab. Tapin ', '1'),
	('6306', 'Kab. Hulu Sungai Selatan', '1'),
	('6307', 'Kab. Hulu Sungai Tengah', '1'),
	('6308', 'Kab. Hulu Sungai Utara', '1'),
	('6309', 'Kab. Tabalong ', '1'),
	('6310', 'Kab. Tanah Bumbu', '1'),
	('6311', 'Kab. Balangan ', '1'),
	('6371', 'Kota Banjarmasin ', '1'),
	('6372', 'Kota Banjar Baru', '1'),
	('6400', 'Prov. Kalimantan Timur ', '1'),
	('6401', 'Kab. Paser ', '1'),
	('6402', 'Kab. Kutai Barat', '1'),
	('6403', 'Kab. Kutai Kartanegara', '1'),
	('6404', 'Kab. Kutai Timur', '1'),
	('6405', 'Kab. Berau ', '1'),
	('6409', 'Kab. Penajam Paser Utara', '1'),
	('6471', 'Kota Balikpapan ', '1'),
	('6472', 'Kota Samarinda ', '1'),
	('6474', 'Kota Bontang ', '1'),
	('6475', 'Kab. Mahakam Ulu', '1'),
	('6500', 'Prov. Kalimantan Utara', '1'),
	('6501', 'Kab. Bulungan', '1'),
	('6502', 'Kab. Malinau', '1'),
	('6503', 'Kab. Nunukan', '1'),
	('6504', 'Kab. Tana Tidung', '1'),
	('6505', 'Kota Tarakan', '1'),
	('7100', 'Prov. Sulawesi Utara ', '1'),
	('7101', 'Kab. Bolaang Mengondow', '1'),
	('7102', 'Kab. Minahasa ', '1'),
	('7103', 'Kab. Kepulauan Sangihe', '1'),
	('7104', 'Kab. Kepulauan Talaud', '1'),
	('7105', 'Kab. Minahasa Selatan', '1'),
	('7106', 'Kab. Minahasa Utara', '1'),
	('7171', 'Kota Manado ', '1'),
	('7172', 'Kota Bitung ', '1'),
	('7173', 'Kota Tomohon ', '1'),
	('7174', 'Kab. Bolaang Mongondow Selatan', '1'),
	('7175', 'Kab. Bolaang Mongondow Timur', '1'),
	('7176', 'Kab. Bolaang Mongondow Utara', '1'),
	('7177', 'Kab. Kepulauan Siau Tagulandang Biaro', '1'),
	('7178', 'Kab. Minahasa Tenggara', '1'),
	('7179', 'Kota Kotamobagu', '1'),
	('7200', 'Prov. Sulawesi Tengah ', '1'),
	('7201', 'Kab. Banggai Kepulauan', '1'),
	('7202', 'Kab. Banggai ', '1'),
	('7203', 'Kab. Morowali ', '1'),
	('7204', 'Kab. Poso ', '1'),
	('7205', 'Kab. Donggala ', '1'),
	('7206', 'Kab. Toli-Toli ', '1'),
	('7207', 'Kab. Buol ', '1'),
	('7208', 'Kab. Parigi Moutong', '1'),
	('7209', 'Kab. Tojo Una-Una', '1'),
	('7271', 'Kota Palu ', '1'),
	('7272', 'Kab. Sigi', '1'),
	('7273', 'Kab. Banggai Laut', '1'),
	('7300', 'Prov. Sulawesi Selatan ', '1'),
	('7301', 'Kab. Selayar ', '1'),
	('7302', 'Kab. Bulukumba ', '1'),
	('7303', 'Kab. Bantaeng ', '1'),
	('7304', 'Kab. Jeneponto ', '1'),
	('7305', 'Kab. Takalar ', '1'),
	('7306', 'Kab. Gowa ', '1'),
	('7307', 'Kab. Sinjai ', '1'),
	('7308', 'Kab. Maros ', '1'),
	('7309', 'Kab. Pangkajene Kepulauan', '1'),
	('7310', 'Kab. Barru ', '1'),
	('7311', 'Kab. Bone ', '1'),
	('7312', 'Kab. Soppeng ', '1'),
	('7313', 'Kab. Wajo ', '1'),
	('7314', 'Kab. Sidenreng Rappang', '1'),
	('7315', 'Kab. Pinrang ', '1'),
	('7316', 'Kab. Enrekang ', '1'),
	('7317', 'Kab. Luwu ', '1'),
	('7318', 'Kab. Tana Toraja', '1'),
	('7322', 'Kab. Luwu Utara', '1'),
	('7325', 'Kab. Luwu Timur', '1'),
	('7371', 'Kota Makassar ', '1'),
	('7372', 'Kota Pare-Pare ', '1'),
	('7373', 'Kota Palopo ', '1'),
	('7374', 'Kab. Toraja Utara', '1'),
	('7400', 'Prov. Sulawesi Tenggara ', '1'),
	('7401', 'Kab. Buton ', '1'),
	('7402', 'Kab. Muna ', '1'),
	('7403', 'Kab. Konawe ', '1'),
	('7404', 'Kab. Kolaka ', '1'),
	('7405', 'Kab. Konawe Selatan', '1'),
	('7406', 'Kab. Bombana ', '1'),
	('7407', 'Kab. Wakatobi ', '1'),
	('7408', 'Kab. Kolaka Utara', '1'),
	('7471', 'Kota Kendari ', '1'),
	('7472', 'Kota Baubau ', '1'),
	('7473', 'Kab. Buton Utara', '1'),
	('7474', 'Kab. Konawe Utara', '1'),
	('7475', 'Kab. Kolaka Timur', '1'),
	('7500', 'Prov. Gorontalo', '1'),
	('7501', 'Kab. Boalemo ', '1'),
	('7502', 'Kab. Gorontalo ', '1'),
	('7503', 'Kab. Pohuwato ', '1'),
	('7504', 'Kab. Bone Bolango', '1'),
	('7571', 'Kota Gorontalo ', '1'),
	('7572', 'Kab. Gorontalo Utara', '1'),
	('7600', 'Prov. Sulawesi Barat ', '1'),
	('7601', 'Kab. Majene ', '1'),
	('7602', 'Kab. Polewali Mandar', '1'),
	('7603', 'Kab. Mamasa ', '1'),
	('7604', 'Kab. Mamuju ', '1'),
	('7605', 'Kab. Mamuju Utara', '1'),
	('7606', 'Kab. Mamuju Tengah', '1'),
	('8100', 'Prov. Maluku ', '1'),
	('8101', 'Kab. Maluku Tenggara Barat', '1'),
	('8102', 'Kab. Maluku Tenggara', '1'),
	('8103', 'Kab. Maluku Tengah', '1'),
	('8104', 'Kab. Buru ', '1'),
	('8105', 'Kab. Kepulauan Aru', '1'),
	('8106', 'Kab. Seram Bagian Barat', '1'),
	('8107', 'Kab. Seram Bagian Timur', '1'),
	('8171', 'Kota Ambon ', '1'),
	('8172', 'Kab. Buru Selatan', '1'),
	('8173', 'Kab. Maluku Barat Daya', '1'),
	('8174', 'Kota Tual', '1'),
	('8200', 'Prov. Maluku Utara ', '1'),
	('8201', 'Kab. Halmahera Barat', '1'),
	('8202', 'Kab. Halmahera Tengah', '1'),
	('8203', 'Kab. Kepulauan Sula', '1'),
	('8204', 'Kab. Halmahera Selatan', '1'),
	('8205', 'Kab. Halmahera Utara', '1'),
	('8206', 'Kab. Halmahera Timur', '1'),
	('8271', 'Kota Ternate ', '1'),
	('8272', 'Kota Tidore Kepulauan', '1'),
	('8273', 'Kab. Pulau Morotai', '1'),
	('8274', 'Kab. Pulau Taliabu', '1'),
	('9100', 'Prov. Papua Barat', '1'),
	('9101', 'Kab. Fak-Fak ', '1'),
	('9102', 'Kab. Kaimana ', '1'),
	('9103', 'Kab. Teluk Wondama', '1'),
	('9104', 'Kab. Teluk Bintuni', '1'),
	('9105', 'Kab. Manokwari ', '1'),
	('9106', 'Kab. Sorong Selatan', '1'),
	('9107', 'Kab. Sorong ', '1'),
	('9108', 'Kab. Raja Ampat', '1'),
	('9171', 'Kota Sorong ', '1'),
	('9172', 'Kab. Manokwari Selatan', '1'),
	('9173', 'Kab. Maybrat', '1'),
	('9174', 'Kab. Pegunungan Arfak', '1'),
	('9175', 'Kab. Tambrauw', '1'),
	('9400', 'Prov. Papua', '1'),
	('9401', 'Kab. Merauke ', '1'),
	('9402', 'Kab. Jayawijaya ', '1'),
	('9403', 'Kab. Jayapura ', '1'),
	('9404', 'Kab. Nabire ', '1'),
	('9408', 'Kab. Yapen Waropen', '1'),
	('9409', 'Kab. Biak Numfor', '1'),
	('9410', 'Kab. Paniai ', '1'),
	('9411', 'Kab. Puncak Jaya', '1'),
	('9412', 'Kab. Mimika ', '1'),
	('9413', 'Kab. Boven Digoel', '1'),
	('9414', 'Kab. Mappi ', '1'),
	('9415', 'Kab. Asmat ', '1'),
	('9416', 'Kab. Yahukimo ', '1'),
	('9417', 'Kab. Pegunungan Bintang', '1'),
	('9418', 'Kab. Tolikara ', '1'),
	('9419', 'Kab. Sarmi ', '1'),
	('9420', 'Kab. Keerom ', '1'),
	('9426', 'Kab. Waropen ', '1'),
	('9427', 'Kab. Supiori ', '1'),
	('9471', 'Kota Jayapura ', '1'),
	('9472', 'Kab. Deiyai', '1'),
	('9473', 'Kab. Dogiyai', '1'),
	('9474', 'Kab. Intan Jaya', '1'),
	('9475', 'Kab. Kepulauan Yapen', '1'),
	('9476', 'Kab. Lanny Jaya', '1'),
	('9477', 'Kab. Mamberamo Raya', '1'),
	('9478', 'Kab. Mamberamo Tengah', '1'),
	('9479', 'Kab. Nduga', '1'),
	('9480', 'Kab. Puncak', '1'),
	('9481', 'Kab. Yalimo', '1');
/*!40000 ALTER TABLE `tm_regional` ENABLE KEYS */;

-- Dumping structure for table adaproyek.tm_user
CREATE TABLE IF NOT EXISTS `tm_user` (
  `USER_ID` int(11) NOT NULL AUTO_INCREMENT,
  `USER_FULLNAME` varchar(100) COLLATE utf8_unicode_ci NOT NULL,
  `USER_PHONE` varchar(20) COLLATE utf8_unicode_ci NOT NULL,
  `USER_EMAIL` varchar(100) COLLATE utf8_unicode_ci NOT NULL,
  `USER_PASSWORD` varchar(32) COLLATE utf8_unicode_ci NOT NULL,
  `USER_SEX` enum('P','L') COLLATE utf8_unicode_ci NOT NULL,
  `USER_BIRTHDATE` date NOT NULL,
  `USER_REGISTERDATE` datetime NOT NULL,
  `USER_UPDATEDATE` datetime NOT NULL,
  `USER_LASTLOGIN` datetime NOT NULL,
  `USER_PHOTO` varchar(255) COLLATE utf8_unicode_ci NOT NULL,
  `USER_STATUS` char(4) COLLATE utf8_unicode_ci NOT NULL,
  PRIMARY KEY (`USER_ID`)
) ENGINE=MyISAM AUTO_INCREMENT=14 DEFAULT CHARSET=utf8 COLLATE=utf8_unicode_ci;

-- Dumping data for table adaproyek.tm_user: 7 rows
/*!40000 ALTER TABLE `tm_user` DISABLE KEYS */;
INSERT INTO `tm_user` (`USER_ID`, `USER_FULLNAME`, `USER_PHONE`, `USER_EMAIL`, `USER_PASSWORD`, `USER_SEX`, `USER_BIRTHDATE`, `USER_REGISTERDATE`, `USER_UPDATEDATE`, `USER_LASTLOGIN`, `USER_PHOTO`, `USER_STATUS`) VALUES
	(2, 'demo', '08192832523', 'nuridin520@gmail.com', '202cb962ac59075b964b07152d234b70', 'L', '2000-03-05', '2017-01-18 05:10:47', '0000-00-00 00:00:00', '0000-00-00 00:00:00', '', ''),
	(4, 'bejo@creathinker.com', '089601373427', 'bejo@creathinker.com', '202cb962ac59075b964b07152d234b70', 'L', '1993-04-12', '2017-02-16 13:14:44', '0000-00-00 00:00:00', '0000-00-00 00:00:00', '', ''),
	(8, 'Muhammad Nuridin', '089601373427', 'nuridin500@gmail.com', '0192023a7bbd73250516f069df18b500', 'L', '1993-09-06', '2017-02-18 17:56:57', '0000-00-00 00:00:00', '2017-05-18 14:00:24', '', ''),
	(9, 'Muhammad Nuridin', '089609745655', 'nuridin.mu23@gmail.com', '202cb962ac59075b964b07152d234b70', 'L', '1993-09-06', '2017-03-14 16:04:18', '0000-00-00 00:00:00', '0000-00-00 00:00:00', '', ''),
	(10, 'Rcky', '089609745655', 'rocky@gmail.com', '202cb962ac59075b964b07152d234b70', 'L', '1993-09-06', '2017-03-14 16:08:08', '0000-00-00 00:00:00', '0000-00-00 00:00:00', '', ''),
	(11, 'guest', '4534534', 'guest@admin.com', '202cb962ac59075b964b07152d234b70', 'P', '2017-03-14', '2017-03-14 16:10:03', '0000-00-00 00:00:00', '0000-00-00 00:00:00', '', ''),
	(13, 'nuridincs', '081910433126', 'nuridin50@gmail.com', '202cb962ac59075b964b07152d234b70', 'L', '1993-09-06', '2017-04-29 09:13:37', '0000-00-00 00:00:00', '2017-05-17 13:17:55', '', 'US01');
/*!40000 ALTER TABLE `tm_user` ENABLE KEYS */;

-- Dumping structure for table adaproyek.tx_bid
CREATE TABLE IF NOT EXISTS `tx_bid` (
  `BID_ID` int(11) NOT NULL,
  `BID_PRO_ID` int(11) NOT NULL,
  `BID_COMP_ID` int(11) NOT NULL,
  `BID_USER_ID` int(11) NOT NULL,
  `BID_OVERPRICE` double NOT NULL,
  `BID_OVERDESC` text NOT NULL,
  `BID_CREATE_DATE` datetime NOT NULL,
  `BID_STATUS` varchar(4) NOT NULL,
  PRIMARY KEY (`BID_ID`)
) ENGINE=InnoDB DEFAULT CHARSET=latin1;

-- Dumping data for table adaproyek.tx_bid: ~2 rows (approximately)
/*!40000 ALTER TABLE `tx_bid` DISABLE KEYS */;
INSERT INTO `tx_bid` (`BID_ID`, `BID_PRO_ID`, `BID_COMP_ID`, `BID_USER_ID`, `BID_OVERPRICE`, `BID_OVERDESC`, `BID_CREATE_DATE`, `BID_STATUS`) VALUES
	(1, 4, 2, 8, 2500000, 'test 123', '2017-03-20 09:47:41', 'PS02'),
	(2, 2, 2, 8, 3000000, 'test lagi', '2017-03-20 09:53:00', 'PS02');
/*!40000 ALTER TABLE `tx_bid` ENABLE KEYS */;

-- Dumping structure for table adaproyek.tx_bid_doc
CREATE TABLE IF NOT EXISTS `tx_bid_doc` (
  `BID_DOC_ID` int(11) NOT NULL,
  `BID_PRO_ID` int(11) NOT NULL,
  `BID_DOCFILE` varchar(255) NOT NULL,
  `BID_DATE` datetime NOT NULL,
  `BID_STATUS` varchar(4) NOT NULL,
  PRIMARY KEY (`BID_DOC_ID`)
) ENGINE=InnoDB DEFAULT CHARSET=latin1;

-- Dumping data for table adaproyek.tx_bid_doc: ~0 rows (approximately)
/*!40000 ALTER TABLE `tx_bid_doc` DISABLE KEYS */;
/*!40000 ALTER TABLE `tx_bid_doc` ENABLE KEYS */;

-- Dumping structure for table adaproyek.tx_credit
CREATE TABLE IF NOT EXISTS `tx_credit` (
  `CRE_ID` int(11) NOT NULL,
  `CRE_COMP_ID` int(11) NOT NULL,
  `CRE_DATE` datetime NOT NULL,
  `CRE_AMOUNT` double NOT NULL,
  `CRE_TYPE` varchar(4) NOT NULL,
  `CRE_DETAIL` varchar(255) DEFAULT NULL,
  `CRE_STATUS` varchar(4) NOT NULL,
  PRIMARY KEY (`CRE_ID`)
) ENGINE=InnoDB DEFAULT CHARSET=latin1;

-- Dumping data for table adaproyek.tx_credit: ~1 rows (approximately)
/*!40000 ALTER TABLE `tx_credit` DISABLE KEYS */;
INSERT INTO `tx_credit` (`CRE_ID`, `CRE_COMP_ID`, `CRE_DATE`, `CRE_AMOUNT`, `CRE_TYPE`, `CRE_DETAIL`, `CRE_STATUS`) VALUES
	(1, 2, '0000-00-00 00:00:00', 9999000000, '1', 'TRANSFER', '001'),
	(2, 1, '0000-00-00 00:00:00', 1000, '1', 'TRANSFER', '001');
/*!40000 ALTER TABLE `tx_credit` ENABLE KEYS */;

-- Dumping structure for table adaproyek.tx_project
CREATE TABLE IF NOT EXISTS `tx_project` (
  `PRO_ID` int(11) NOT NULL,
  `PRO_USER_ID` int(11) NOT NULL,
  `PRO_TITLE` varchar(255) NOT NULL,
  `PRO_CATEGORY` varchar(5) NOT NULL,
  `PRO_DESC` text NOT NULL,
  `PRO_LOCATION` varchar(255) NOT NULL,
  `PRO_REGIONAL` varchar(4) NOT NULL,
  `PRO_COUNTRY` varchar(2) NOT NULL,
  `PRO_BUDGET` double NOT NULL,
  `PRO_CREATE_DATE` datetime NOT NULL,
  `PRO_STATUS` varchar(4) NOT NULL,
  `PRO_STARTDATE` datetime NOT NULL,
  `PRO_ENDDATE` datetime NOT NULL,
  `PRO_WINDATE` datetime NOT NULL,
  PRIMARY KEY (`PRO_ID`)
) ENGINE=InnoDB DEFAULT CHARSET=latin1;

-- Dumping data for table adaproyek.tx_project: ~16 rows (approximately)
/*!40000 ALTER TABLE `tx_project` DISABLE KEYS */;
INSERT INTO `tx_project` (`PRO_ID`, `PRO_USER_ID`, `PRO_TITLE`, `PRO_CATEGORY`, `PRO_DESC`, `PRO_LOCATION`, `PRO_REGIONAL`, `PRO_COUNTRY`, `PRO_BUDGET`, `PRO_CREATE_DATE`, `PRO_STATUS`, `PRO_STARTDATE`, `PRO_ENDDATE`, `PRO_WINDATE`) VALUES
	(1, 1, 'Membuat Rumah', 'PS01', 'Angular JS', '011', '11', '12', 65465, '2017-02-17 10:57:58', 'PS03', '0000-00-00 00:00:00', '0000-00-00 00:00:00', '0000-00-00 00:00:00'),
	(2, 2, 'Desain Interior Rumah', 'PS01', 'slahing', '554', '6546', '45', 1000000, '2017-02-17 17:51:18', 'PS03', '0000-00-00 00:00:00', '0000-00-00 00:00:00', '0000-00-00 00:00:00'),
	(3, 29, 'Renovasi Rumah', 'PS01', 'tets', 'ets', 'ste', 'st', 0, '2017-02-18 17:45:17', 'PS03', '0000-00-00 00:00:00', '0000-00-00 00:00:00', '0000-00-00 00:00:00'),
	(4, 4, 'Perbaikan Rumah', 'PS01', 'Seperti bukalapak.com', 'jakarta', '001', '12', 1000000, '2017-02-18 18:00:01', 'PS02', '0000-00-00 00:00:00', '0000-00-00 00:00:00', '0000-00-00 00:00:00'),
	(5, 5, 'Perbaikan gdeung', 'PS01', 'seperti ditu', '001', '002', '21', 1000000, '2017-03-13 07:24:15', 'PS03', '0000-00-00 00:00:00', '0000-00-00 00:00:00', '0000-00-00 00:00:00'),
	(6, 8, 'Membuat Gedung', 'PS01', 'Seperti itu', 'Jakarta', 'TImu', 'In', 100000000, '2017-03-15 08:01:18', 'PS03', '0000-00-00 00:00:00', '0000-00-00 00:00:00', '0000-00-00 00:00:00'),
	(7, 2, 'Renovasi lagi', 'C002', 'seperti dulu', '123213', '232', '34', 1000000, '2017-03-31 09:08:21', 'PS03', '0000-00-00 00:00:00', '0000-00-00 00:00:00', '0000-00-00 00:00:00'),
	(8, 2, 'Membangun Gedung', 'PS01', 'Seperti podomoro', '12', '21', '31', 1000000, '2017-03-31 09:19:32', 'PS03', '0000-00-00 00:00:00', '0000-00-00 00:00:00', '0000-00-00 00:00:00'),
	(9, 2, 'Membuat Rumah', 'PS01', 'Seprti yg lama', 'Jakarta', '1873', 'ID', 3000000, '2017-03-31 11:48:05', 'PS03', '0000-00-00 00:00:00', '0000-00-00 00:00:00', '0000-00-00 00:00:00'),
	(10, 8, 'seperti tokped', 'C002', 'test 123', 'Bandung', '1103', 'AF', 1000000, '2017-04-29 04:04:36', 'PS03', '0000-00-00 00:00:00', '0000-00-00 00:00:00', '0000-00-00 00:00:00'),
	(11, 8, 'seperti wisma SMR', '41011', 'Lantai 10', 'Jakarta', '1303', 'ID', 1500000, '2017-04-29 07:45:46', 'PS03', '2017-04-18 00:00:00', '2017-04-28 00:00:00', '0000-00-00 00:00:00'),
	(12, 8, 'seperti itu', '41012', 'test', 'bandung', '1103', 'AI', 1000000, '2017-04-29 10:10:43', 'PS03', '2017-04-13 00:00:00', '2017-04-30 00:00:00', '0000-00-00 00:00:00'),
	(13, 8, 'test gedung', '41019', 'membuat gedung sarinah', 'bandung', '1109', 'AM', 1000000, '2017-04-29 10:18:47', 'PS03', '2017-04-29 00:00:00', '2017-04-29 00:00:00', '0000-00-00 00:00:00'),
	(14, 8, 'Membuat rumah', '41011', 'Bertingkat', 'pulomas', '1104', 'AM', 2000000, '2017-04-29 11:07:44', 'PS03', '2017-04-29 00:00:00', '2017-05-20 00:00:00', '0000-00-00 00:00:00'),
	(15, 8, 'Membuat pabrik seperti astra', '41013', 'rapi', 'cikarang', '1109', 'ID', 20000000, '2017-04-29 11:43:50', 'PS03', '2017-04-30 00:00:00', '2017-05-31 00:00:00', '0000-00-00 00:00:00'),
	(16, 8, 'Pembangunan serba guna', 't_pc', 'seperti yang itu', 'jakarta', '1100', 'AI', 10000000, '2017-05-18 08:45:31', 'PS03', '2017-05-18 00:00:00', '2017-06-10 00:00:00', '0000-00-00 00:00:00'),
	(17, 8, 'pembangunan lagi', 't_pc', 'seperti itu lagi', 'jakarta', '1106', 'AG', 5000000, '2017-05-18 08:55:19', 'PS03', '2017-05-18 00:00:00', '2017-06-10 00:00:00', '2017-05-27 00:00:00');
/*!40000 ALTER TABLE `tx_project` ENABLE KEYS */;

-- Dumping structure for table adaproyek.tx_project_bid
CREATE TABLE IF NOT EXISTS `tx_project_bid` (
  `PRO_BID_ID` int(11) NOT NULL,
  `PRO_ID` int(11) NOT NULL,
  `PRO_COMP_ID` int(11) NOT NULL,
  `PRO_OVERPRICE` double NOT NULL,
  `PRO_OVERDESC` text NOT NULL,
  `PRO_CREATE_DATE` datetime NOT NULL,
  `PRO_STATUS` varchar(4) NOT NULL,
  PRIMARY KEY (`PRO_BID_ID`)
) ENGINE=InnoDB DEFAULT CHARSET=latin1;

-- Dumping data for table adaproyek.tx_project_bid: ~0 rows (approximately)
/*!40000 ALTER TABLE `tx_project_bid` DISABLE KEYS */;
/*!40000 ALTER TABLE `tx_project_bid` ENABLE KEYS */;

-- Dumping structure for table adaproyek.tx_project_bid_pic
CREATE TABLE IF NOT EXISTS `tx_project_bid_pic` (
  `PRO_DOC_ID` int(11) NOT NULL,
  `PRO_ID` int(11) NOT NULL,
  `PRO_DOCFILE` varchar(255) NOT NULL,
  `PRO_UPLOAD_DATE` datetime NOT NULL,
  PRIMARY KEY (`PRO_DOC_ID`)
) ENGINE=InnoDB DEFAULT CHARSET=latin1;

-- Dumping data for table adaproyek.tx_project_bid_pic: ~0 rows (approximately)
/*!40000 ALTER TABLE `tx_project_bid_pic` DISABLE KEYS */;
/*!40000 ALTER TABLE `tx_project_bid_pic` ENABLE KEYS */;

-- Dumping structure for table adaproyek.tx_project_category
CREATE TABLE IF NOT EXISTS `tx_project_category` (
  `PRO_ID` int(11) DEFAULT NULL,
  `PRO_CATEGORY` varchar(50) DEFAULT NULL
) ENGINE=InnoDB DEFAULT CHARSET=latin1;

-- Dumping data for table adaproyek.tx_project_category: ~3 rows (approximately)
/*!40000 ALTER TABLE `tx_project_category` DISABLE KEYS */;
INSERT INTO `tx_project_category` (`PRO_ID`, `PRO_CATEGORY`) VALUES
	(16, '41014'),
	(16, '42114'),
	(16, '41011'),
	(17, '41013'),
	(17, '42111');
/*!40000 ALTER TABLE `tx_project_category` ENABLE KEYS */;

-- Dumping structure for table adaproyek.tx_project_doc
CREATE TABLE IF NOT EXISTS `tx_project_doc` (
  `PRO_DOC_ID` int(11) NOT NULL,
  `PRO_ID` int(11) NOT NULL,
  `PRO_DOCFILE` varchar(255) NOT NULL,
  `PRO_UPLOAD_DATE` datetime NOT NULL,
  PRIMARY KEY (`PRO_DOC_ID`)
) ENGINE=InnoDB DEFAULT CHARSET=latin1;

-- Dumping data for table adaproyek.tx_project_doc: ~13 rows (approximately)
/*!40000 ALTER TABLE `tx_project_doc` DISABLE KEYS */;
INSERT INTO `tx_project_doc` (`PRO_DOC_ID`, `PRO_ID`, `PRO_DOCFILE`, `PRO_UPLOAD_DATE`) VALUES
	(1, 2, 'no_images.png', '2017-03-30 12:12:30'),
	(7, 2, 'no_images.png', '2017-03-30 12:08:21'),
	(8, 2, 'no_images.png', '2017-03-30 12:18:18'),
	(9, 7, 'no_images.png', '2017-03-31 09:08:21'),
	(10, 8, 'no_images.png', '2017-03-31 09:19:32'),
	(11, 9, 'no_images.png', '2017-03-31 11:48:05'),
	(12, 10, 'Lock-on-Keyboard.jpg', '2017-04-29 04:04:36'),
	(13, 11, 'Screen-Saver-EN-Lock-Screen-1-0-copy.jpg', '2017-04-29 07:45:46'),
	(14, 12, '850614761_20073_6063824151118742930.jpg', '2017-04-29 10:10:43'),
	(15, 13, 'Screenshot (2).png', '2017-04-29 10:18:47'),
	(16, 14, '4b56d02f-9a72-4f72-8ac7-db56955c3e7c.png', '2017-04-29 11:07:44'),
	(17, 15, 'no_images.png', '2017-04-29 11:43:50'),
	(18, 16, '850614761_20073_6063824151118742930.jpg', '2017-05-18 08:45:32'),
	(19, 17, 'images.jpg', '2017-05-18 08:55:19');
/*!40000 ALTER TABLE `tx_project_doc` ENABLE KEYS */;

/*!40101 SET SQL_MODE=IFNULL(@OLD_SQL_MODE, '') */;
/*!40014 SET FOREIGN_KEY_CHECKS=IF(@OLD_FOREIGN_KEY_CHECKS IS NULL, 1, @OLD_FOREIGN_KEY_CHECKS) */;
/*!40101 SET CHARACTER_SET_CLIENT=@OLD_CHARACTER_SET_CLIENT */;
